{"eng": -1.3089468816897383, "fr": -1.0021308546514134, "pl": -1.013905591195947}