{"eng": -1.3028376141146076, "fr": -1.0189068085058988, "pl": -1.0017094801214823}